[{"model": "admin.logentry", "pk": 1, "fields": {"action_time": "2024-09-21T16:34:22.903Z", "user": 1, "content_type": 6, "object_id": "1", "object_repr": "Course object (1)", "action_flag": 1, "change_message": "[{\"added\": {}}]"}}, {"model": "admin.logentry", "pk": 2, "fields": {"action_time": "2024-09-21T16:34:37.264Z", "user": 1, "content_type": 11, "object_id": "1", "object_repr": "CourseTags object (1)", "action_flag": 1, "change_message": "[{\"added\": {}}]"}}, {"model": "admin.logentry", "pk": 3, "fields": {"action_time": "2024-09-21T16:35:47.091Z", "user": 1, "content_type": 12, "object_id": "1", "object_repr": "UserTags object (1)", "action_flag": 1, "change_message": "[{\"added\": {}}]"}}, {"model": "admin.logentry", "pk": 4, "fields": {"action_time": "2024-09-21T16:36:00.019Z", "user": 1, "content_type": 7, "object_id": "1", "object_repr": "Project object (1)", "action_flag": 1, "change_message": "[{\"added\": {}}]"}}, {"model": "admin.logentry", "pk": 5, "fields": {"action_time": "2024-09-21T16:37:59.844Z", "user": 1, "content_type": 9, "object_id": "1", "object_repr": "Comment object (1)", "action_flag": 1, "change_message": "[{\"added\": {}}]"}}, {"model": "admin.logentry", "pk": 6, "fields": {"action_time": "2024-09-22T07:48:39.508Z", "user": 1, "content_type": 13, "object_id": "1", "object_repr": "CourseStatus object (1)", "action_flag": 1, "change_message": "[{\"added\": {}}]"}}, {"model": "admin.logentry", "pk": 7, "fields": {"action_time": "2024-09-22T08:29:46.656Z", "user": 1, "content_type": 6, "object_id": "2", "object_repr": "Course object (2)", "action_flag": 1, "change_message": "[{\"added\": {}}]"}}, {"model": "admin.logentry", "pk": 8, "fields": {"action_time": "2024-09-22T08:33:32.103Z", "user": 1, "content_type": 6, "object_id": "3", "object_repr": "Course object (3)", "action_flag": 1, "change_message": "[{\"added\": {}}]"}}, {"model": "admin.logentry", "pk": 9, "fields": {"action_time": "2024-09-22T08:39:20.802Z", "user": 1, "content_type": 6, "object_id": "4", "object_repr": "Course object (4)", "action_flag": 1, "change_message": "[{\"added\": {}}]"}}, {"model": "admin.logentry", "pk": 10, "fields": {"action_time": "2024-09-22T08:39:49.087Z", "user": 1, "content_type": 6, "object_id": "1", "object_repr": "Course object (1)", "action_flag": 3, "change_message": ""}}, {"model": "admin.logentry", "pk": 11, "fields": {"action_time": "2024-09-22T08:42:30.659Z", "user": 1, "content_type": 6, "object_id": "5", "object_repr": "Course object (5)", "action_flag": 1, "change_message": "[{\"added\": {}}]"}}, {"model": "admin.logentry", "pk": 12, "fields": {"action_time": "2024-09-22T08:46:22.785Z", "user": 1, "content_type": 6, "object_id": "6", "object_repr": "Course object (6)", "action_flag": 1, "change_message": "[{\"added\": {}}]"}}, {"model": "admin.logentry", "pk": 13, "fields": {"action_time": "2024-09-22T08:46:29.487Z", "user": 1, "content_type": 6, "object_id": "2", "object_repr": "Course object (2)", "action_flag": 2, "change_message": "[]"}}, {"model": "admin.logentry", "pk": 14, "fields": {"action_time": "2024-09-22T08:46:43.842Z", "user": 1, "content_type": 6, "object_id": "3", "object_repr": "Course object (3)", "action_flag": 2, "change_message": "[{\"changed\": {\"fields\": [\"Name\"]}}]"}}, {"model": "admin.logentry", "pk": 15, "fields": {"action_time": "2024-09-22T08:46:59.462Z", "user": 1, "content_type": 6, "object_id": "4", "object_repr": "Course object (4)", "action_flag": 2, "change_message": "[{\"changed\": {\"fields\": [\"Name\"]}}]"}}, {"model": "admin.logentry", "pk": 16, "fields": {"action_time": "2024-09-22T08:53:35.350Z", "user": 1, "content_type": 11, "object_id": "1", "object_repr": "CourseTags object (1)", "action_flag": 3, "change_message": ""}}, {"model": "admin.logentry", "pk": 17, "fields": {"action_time": "2024-09-22T08:59:50.631Z", "user": 1, "content_type": 11, "object_id": "2", "object_repr": "CourseTags object (2)", "action_flag": 1, "change_message": "[{\"added\": {}}]"}}, {"model": "admin.logentry", "pk": 18, "fields": {"action_time": "2024-09-22T09:00:08.943Z", "user": 1, "content_type": 11, "object_id": "3", "object_repr": "CourseTags object (3)", "action_flag": 1, "change_message": "[{\"added\": {}}]"}}, {"model": "admin.logentry", "pk": 19, "fields": {"action_time": "2024-09-22T09:00:21.676Z", "user": 1, "content_type": 11, "object_id": "4", "object_repr": "CourseTags object (4)", "action_flag": 1, "change_message": "[{\"added\": {}}]"}}, {"model": "admin.logentry", "pk": 20, "fields": {"action_time": "2024-09-22T09:00:41.745Z", "user": 1, "content_type": 11, "object_id": "5", "object_repr": "CourseTags object (5)", "action_flag": 1, "change_message": "[{\"added\": {}}]"}}, {"model": "admin.logentry", "pk": 21, "fields": {"action_time": "2024-09-22T09:01:04.435Z", "user": 1, "content_type": 11, "object_id": "6", "object_repr": "CourseTags object (6)", "action_flag": 1, "change_message": "[{\"added\": {}}]"}}, {"model": "admin.logentry", "pk": 22, "fields": {"action_time": "2024-09-22T09:01:13.297Z", "user": 1, "content_type": 11, "object_id": "5", "object_repr": "CourseTags object (5)", "action_flag": 2, "change_message": "[]"}}, {"model": "admin.logentry", "pk": 23, "fields": {"action_time": "2024-09-22T09:02:38.504Z", "user": 1, "content_type": 11, "object_id": "7", "object_repr": "CourseTags object (7)", "action_flag": 1, "change_message": "[{\"added\": {}}]"}}, {"model": "admin.logentry", "pk": 24, "fields": {"action_time": "2024-09-22T09:03:05.737Z", "user": 1, "content_type": 11, "object_id": "8", "object_repr": "CourseTags object (8)", "action_flag": 1, "change_message": "[{\"added\": {}}]"}}, {"model": "admin.logentry", "pk": 25, "fields": {"action_time": "2024-09-22T09:03:42.455Z", "user": 1, "content_type": 11, "object_id": "9", "object_repr": "CourseTags object (9)", "action_flag": 1, "change_message": "[{\"added\": {}}]"}}, {"model": "admin.logentry", "pk": 26, "fields": {"action_time": "2024-09-22T09:04:11.505Z", "user": 1, "content_type": 11, "object_id": "10", "object_repr": "CourseTags object (10)", "action_flag": 1, "change_message": "[{\"added\": {}}]"}}, {"model": "admin.logentry", "pk": 27, "fields": {"action_time": "2024-09-22T09:04:29.801Z", "user": 1, "content_type": 11, "object_id": "11", "object_repr": "CourseTags object (11)", "action_flag": 1, "change_message": "[{\"added\": {}}]"}}, {"model": "admin.logentry", "pk": 28, "fields": {"action_time": "2024-09-22T09:04:55.654Z", "user": 1, "content_type": 11, "object_id": "12", "object_repr": "CourseTags object (12)", "action_flag": 1, "change_message": "[{\"added\": {}}]"}}, {"model": "admin.logentry", "pk": 29, "fields": {"action_time": "2024-09-22T09:09:22.374Z", "user": 1, "content_type": 8, "object_id": "2", "object_repr": "user1", "action_flag": 1, "change_message": "[{\"added\": {}}]"}}, {"model": "admin.logentry", "pk": 30, "fields": {"action_time": "2024-09-22T09:10:51.948Z", "user": 1, "content_type": 8, "object_id": "2", "object_repr": "user1", "action_flag": 2, "change_message": "[{\"changed\": {\"fields\": [\"Password\"]}}]"}}, {"model": "admin.logentry", "pk": 31, "fields": {"action_time": "2024-09-22T09:12:34.851Z", "user": 1, "content_type": 8, "object_id": "3", "object_repr": "user137", "action_flag": 1, "change_message": "[{\"added\": {}}]"}}, {"model": "admin.logentry", "pk": 32, "fields": {"action_time": "2024-09-22T09:14:00.300Z", "user": 1, "content_type": 8, "object_id": "4", "object_repr": "user2", "action_flag": 1, "change_message": "[{\"added\": {}}]"}}, {"model": "admin.logentry", "pk": 33, "fields": {"action_time": "2024-09-22T09:15:31.182Z", "user": 1, "content_type": 8, "object_id": "5", "object_repr": "user3", "action_flag": 1, "change_message": "[{\"added\": {}}]"}}, {"model": "admin.logentry", "pk": 34, "fields": {"action_time": "2024-09-22T09:16:44.368Z", "user": 1, "content_type": 12, "object_id": "2", "object_repr": "UserTags object (2)", "action_flag": 1, "change_message": "[{\"added\": {}}]"}}, {"model": "admin.logentry", "pk": 35, "fields": {"action_time": "2024-09-22T09:16:54.818Z", "user": 1, "content_type": 12, "object_id": "3", "object_repr": "UserTags object (3)", "action_flag": 1, "change_message": "[{\"added\": {}}]"}}, {"model": "admin.logentry", "pk": 36, "fields": {"action_time": "2024-09-22T09:17:07.515Z", "user": 1, "content_type": 12, "object_id": "4", "object_repr": "UserTags object (4)", "action_flag": 1, "change_message": "[{\"added\": {}}]"}}, {"model": "admin.logentry", "pk": 37, "fields": {"action_time": "2024-09-22T09:17:21.668Z", "user": 1, "content_type": 12, "object_id": "5", "object_repr": "UserTags object (5)", "action_flag": 1, "change_message": "[{\"added\": {}}]"}}, {"model": "admin.logentry", "pk": 38, "fields": {"action_time": "2024-09-22T09:17:34.065Z", "user": 1, "content_type": 12, "object_id": "6", "object_repr": "UserTags object (6)", "action_flag": 1, "change_message": "[{\"added\": {}}]"}}, {"model": "admin.logentry", "pk": 39, "fields": {"action_time": "2024-09-22T09:17:44.775Z", "user": 1, "content_type": 12, "object_id": "7", "object_repr": "UserTags object (7)", "action_flag": 1, "change_message": "[{\"added\": {}}]"}}, {"model": "admin.logentry", "pk": 40, "fields": {"action_time": "2024-09-22T09:18:02.961Z", "user": 1, "content_type": 12, "object_id": "8", "object_repr": "UserTags object (8)", "action_flag": 1, "change_message": "[{\"added\": {}}]"}}, {"model": "admin.logentry", "pk": 41, "fields": {"action_time": "2024-09-22T09:18:21.960Z", "user": 1, "content_type": 12, "object_id": "9", "object_repr": "UserTags object (9)", "action_flag": 1, "change_message": "[{\"added\": {}}]"}}, {"model": "admin.logentry", "pk": 42, "fields": {"action_time": "2024-09-22T09:18:38.556Z", "user": 1, "content_type": 7, "object_id": "1", "object_repr": "Project object (1)", "action_flag": 3, "change_message": ""}}, {"model": "admin.logentry", "pk": 43, "fields": {"action_time": "2024-09-22T09:19:29.787Z", "user": 1, "content_type": 7, "object_id": "2", "object_repr": "Project object (2)", "action_flag": 1, "change_message": "[{\"added\": {}}]"}}, {"model": "admin.logentry", "pk": 44, "fields": {"action_time": "2024-09-22T09:20:10.405Z", "user": 1, "content_type": 7, "object_id": "3", "object_repr": "Project object (3)", "action_flag": 1, "change_message": "[{\"added\": {}}]"}}, {"model": "admin.logentry", "pk": 45, "fields": {"action_time": "2024-09-22T09:22:10.078Z", "user": 1, "content_type": 7, "object_id": "4", "object_repr": "Project object (4)", "action_flag": 1, "change_message": "[{\"added\": {}}]"}}, {"model": "admin.logentry", "pk": 46, "fields": {"action_time": "2024-09-22T09:23:03.982Z", "user": 1, "content_type": 7, "object_id": "5", "object_repr": "Project object (5)", "action_flag": 1, "change_message": "[{\"added\": {}}]"}}, {"model": "admin.logentry", "pk": 47, "fields": {"action_time": "2024-09-22T09:23:32.176Z", "user": 1, "content_type": 13, "object_id": "3", "object_repr": "CourseStatus object (3)", "action_flag": 1, "change_message": "[{\"added\": {}}]"}}, {"model": "admin.logentry", "pk": 48, "fields": {"action_time": "2024-09-22T09:23:48.155Z", "user": 1, "content_type": 13, "object_id": "4", "object_repr": "CourseStatus object (4)", "action_flag": 1, "change_message": "[{\"added\": {}}]"}}, {"model": "admin.logentry", "pk": 49, "fields": {"action_time": "2024-09-22T09:24:03.382Z", "user": 1, "content_type": 13, "object_id": "5", "object_repr": "CourseStatus object (5)", "action_flag": 1, "change_message": "[{\"added\": {}}]"}}, {"model": "admin.logentry", "pk": 50, "fields": {"action_time": "2024-09-22T09:24:17.676Z", "user": 1, "content_type": 13, "object_id": "6", "object_repr": "CourseStatus object (6)", "action_flag": 1, "change_message": "[{\"added\": {}}]"}}, {"model": "admin.logentry", "pk": 51, "fields": {"action_time": "2024-09-22T09:24:25.661Z", "user": 1, "content_type": 13, "object_id": "7", "object_repr": "CourseStatus object (7)", "action_flag": 1, "change_message": "[{\"added\": {}}]"}}, {"model": "admin.logentry", "pk": 52, "fields": {"action_time": "2024-09-22T09:24:35.020Z", "user": 1, "content_type": 13, "object_id": "8", "object_repr": "CourseStatus object (8)", "action_flag": 1, "change_message": "[{\"added\": {}}]"}}, {"model": "admin.logentry", "pk": 53, "fields": {"action_time": "2024-09-22T09:24:46.536Z", "user": 1, "content_type": 13, "object_id": "9", "object_repr": "CourseStatus object (9)", "action_flag": 1, "change_message": "[{\"added\": {}}]"}}, {"model": "admin.logentry", "pk": 54, "fields": {"action_time": "2024-09-22T09:24:54.377Z", "user": 1, "content_type": 13, "object_id": "10", "object_repr": "CourseStatus object (10)", "action_flag": 1, "change_message": "[{\"added\": {}}]"}}, {"model": "admin.logentry", "pk": 55, "fields": {"action_time": "2024-09-22T09:25:09.359Z", "user": 1, "content_type": 13, "object_id": "11", "object_repr": "CourseStatus object (11)", "action_flag": 1, "change_message": "[{\"added\": {}}]"}}, {"model": "admin.logentry", "pk": 56, "fields": {"action_time": "2024-09-22T09:25:19.142Z", "user": 1, "content_type": 13, "object_id": "12", "object_repr": "CourseStatus object (12)", "action_flag": 1, "change_message": "[{\"added\": {}}]"}}, {"model": "admin.logentry", "pk": 57, "fields": {"action_time": "2024-09-22T09:25:33.767Z", "user": 1, "content_type": 13, "object_id": "13", "object_repr": "CourseStatus object (13)", "action_flag": 1, "change_message": "[{\"added\": {}}]"}}, {"model": "admin.logentry", "pk": 58, "fields": {"action_time": "2024-09-22T09:25:46.309Z", "user": 1, "content_type": 13, "object_id": "14", "object_repr": "CourseStatus object (14)", "action_flag": 1, "change_message": "[{\"added\": {}}]"}}, {"model": "admin.logentry", "pk": 59, "fields": {"action_time": "2024-09-22T09:25:54.036Z", "user": 1, "content_type": 13, "object_id": "15", "object_repr": "CourseStatus object (15)", "action_flag": 1, "change_message": "[{\"added\": {}}]"}}, {"model": "admin.logentry", "pk": 60, "fields": {"action_time": "2024-09-22T09:26:02.060Z", "user": 1, "content_type": 13, "object_id": "16", "object_repr": "CourseStatus object (16)", "action_flag": 1, "change_message": "[{\"added\": {}}]"}}, {"model": "admin.logentry", "pk": 61, "fields": {"action_time": "2024-09-22T09:26:14.140Z", "user": 1, "content_type": 13, "object_id": "17", "object_repr": "CourseStatus object (17)", "action_flag": 1, "change_message": "[{\"added\": {}}]"}}, {"model": "admin.logentry", "pk": 62, "fields": {"action_time": "2024-09-22T09:26:21.693Z", "user": 1, "content_type": 13, "object_id": "18", "object_repr": "CourseStatus object (18)", "action_flag": 1, "change_message": "[{\"added\": {}}]"}}, {"model": "admin.logentry", "pk": 63, "fields": {"action_time": "2024-09-22T09:26:32.850Z", "user": 1, "content_type": 13, "object_id": "19", "object_repr": "CourseStatus object (19)", "action_flag": 1, "change_message": "[{\"added\": {}}]"}}, {"model": "admin.logentry", "pk": 64, "fields": {"action_time": "2024-09-22T09:26:41.333Z", "user": 1, "content_type": 13, "object_id": "20", "object_repr": "CourseStatus object (20)", "action_flag": 1, "change_message": "[{\"added\": {}}]"}}, {"model": "admin.logentry", "pk": 65, "fields": {"action_time": "2024-09-22T09:26:51.184Z", "user": 1, "content_type": 13, "object_id": "21", "object_repr": "CourseStatus object (21)", "action_flag": 1, "change_message": "[{\"added\": {}}]"}}, {"model": "admin.logentry", "pk": 66, "fields": {"action_time": "2024-09-22T09:27:02.459Z", "user": 1, "content_type": 13, "object_id": "22", "object_repr": "CourseStatus object (22)", "action_flag": 1, "change_message": "[{\"added\": {}}]"}}, {"model": "admin.logentry", "pk": 67, "fields": {"action_time": "2024-09-22T10:46:51.357Z", "user": 1, "content_type": 9, "object_id": "2", "object_repr": "id: 2, user_id: id: 3, username: user137, avatar: users/IMG_20220707_152047_102.jpg, description: Самый лучший программист. Умею кодить на любом языке программирование. Даже на двоичном коде, content:", "action_flag": 1, "change_message": "[{\"added\": {}}]"}}, {"model": "admin.logentry", "pk": 68, "fields": {"action_time": "2024-09-22T10:48:54.117Z", "user": 1, "content_type": 10, "object_id": "1", "object_repr": "id: 1, user_id: id: 3, username: user137, avatar: users/IMG_20220707_152047_102.jpg, description: Самый лучший программист. Умею кодить на любом языке программирование. Даже на двоичном коде, content_", "action_flag": 1, "change_message": "[{\"added\": {}}]"}}, {"model": "admin.logentry", "pk": 69, "fields": {"action_time": "2024-09-22T10:49:04.745Z", "user": 1, "content_type": 10, "object_id": "2", "object_repr": "id: 2, user_id: id: 4, username: user2, avatar: users/-EfoJg8_6nk.jpg, description: Я не знаю, что писать в описании, content_type: Models | Project, object_id: 2, object: id: 2, name: ;%*;%№?:№*:(::?", "action_flag": 1, "change_message": "[{\"added\": {}}]"}}, {"model": "auth.permission", "pk": 1, "fields": {"name": "Can add log entry", "content_type": 1, "codename": "add_logentry"}}, {"model": "auth.permission", "pk": 2, "fields": {"name": "Can change log entry", "content_type": 1, "codename": "change_logentry"}}, {"model": "auth.permission", "pk": 3, "fields": {"name": "Can delete log entry", "content_type": 1, "codename": "delete_logentry"}}, {"model": "auth.permission", "pk": 4, "fields": {"name": "Can view log entry", "content_type": 1, "codename": "view_logentry"}}, {"model": "auth.permission", "pk": 5, "fields": {"name": "Can add permission", "content_type": 2, "codename": "add_permission"}}, {"model": "auth.permission", "pk": 6, "fields": {"name": "Can change permission", "content_type": 2, "codename": "change_permission"}}, {"model": "auth.permission", "pk": 7, "fields": {"name": "Can delete permission", "content_type": 2, "codename": "delete_permission"}}, {"model": "auth.permission", "pk": 8, "fields": {"name": "Can view permission", "content_type": 2, "codename": "view_permission"}}, {"model": "auth.permission", "pk": 9, "fields": {"name": "Can add group", "content_type": 3, "codename": "add_group"}}, {"model": "auth.permission", "pk": 10, "fields": {"name": "Can change group", "content_type": 3, "codename": "change_group"}}, {"model": "auth.permission", "pk": 11, "fields": {"name": "Can delete group", "content_type": 3, "codename": "delete_group"}}, {"model": "auth.permission", "pk": 12, "fields": {"name": "Can view group", "content_type": 3, "codename": "view_group"}}, {"model": "auth.permission", "pk": 13, "fields": {"name": "Can add content type", "content_type": 4, "codename": "add_contenttype"}}, {"model": "auth.permission", "pk": 14, "fields": {"name": "Can change content type", "content_type": 4, "codename": "change_contenttype"}}, {"model": "auth.permission", "pk": 15, "fields": {"name": "Can delete content type", "content_type": 4, "codename": "delete_contenttype"}}, {"model": "auth.permission", "pk": 16, "fields": {"name": "Can view content type", "content_type": 4, "codename": "view_contenttype"}}, {"model": "auth.permission", "pk": 17, "fields": {"name": "Can add session", "content_type": 5, "codename": "add_session"}}, {"model": "auth.permission", "pk": 18, "fields": {"name": "Can change session", "content_type": 5, "codename": "change_session"}}, {"model": "auth.permission", "pk": 19, "fields": {"name": "Can delete session", "content_type": 5, "codename": "delete_session"}}, {"model": "auth.permission", "pk": 20, "fields": {"name": "Can view session", "content_type": 5, "codename": "view_session"}}, {"model": "auth.permission", "pk": 21, "fields": {"name": "Can add Course", "content_type": 6, "codename": "add_course"}}, {"model": "auth.permission", "pk": 22, "fields": {"name": "Can change Course", "content_type": 6, "codename": "change_course"}}, {"model": "auth.permission", "pk": 23, "fields": {"name": "Can delete Course", "content_type": 6, "codename": "delete_course"}}, {"model": "auth.permission", "pk": 24, "fields": {"name": "Can view Course", "content_type": 6, "codename": "view_course"}}, {"model": "auth.permission", "pk": 25, "fields": {"name": "Can add Project", "content_type": 7, "codename": "add_project"}}, {"model": "auth.permission", "pk": 26, "fields": {"name": "Can change Project", "content_type": 7, "codename": "change_project"}}, {"model": "auth.permission", "pk": 27, "fields": {"name": "Can delete Project", "content_type": 7, "codename": "delete_project"}}, {"model": "auth.permission", "pk": 28, "fields": {"name": "Can view Project", "content_type": 7, "codename": "view_project"}}, {"model": "auth.permission", "pk": 29, "fields": {"name": "Can add User", "content_type": 8, "codename": "add_users"}}, {"model": "auth.permission", "pk": 30, "fields": {"name": "Can change User", "content_type": 8, "codename": "change_users"}}, {"model": "auth.permission", "pk": 31, "fields": {"name": "Can delete User", "content_type": 8, "codename": "delete_users"}}, {"model": "auth.permission", "pk": 32, "fields": {"name": "Can view User", "content_type": 8, "codename": "view_users"}}, {"model": "auth.permission", "pk": 33, "fields": {"name": "Can add Comment", "content_type": 9, "codename": "add_comment"}}, {"model": "auth.permission", "pk": 34, "fields": {"name": "Can change Comment", "content_type": 9, "codename": "change_comment"}}, {"model": "auth.permission", "pk": 35, "fields": {"name": "Can delete Comment", "content_type": 9, "codename": "delete_comment"}}, {"model": "auth.permission", "pk": 36, "fields": {"name": "Can view Comment", "content_type": 9, "codename": "view_comment"}}, {"model": "auth.permission", "pk": 37, "fields": {"name": "Can add Like", "content_type": 10, "codename": "add_like"}}, {"model": "auth.permission", "pk": 38, "fields": {"name": "Can change Like", "content_type": 10, "codename": "change_like"}}, {"model": "auth.permission", "pk": 39, "fields": {"name": "Can delete Like", "content_type": 10, "codename": "delete_like"}}, {"model": "auth.permission", "pk": 40, "fields": {"name": "Can view Like", "content_type": 10, "codename": "view_like"}}, {"model": "auth.permission", "pk": 41, "fields": {"name": "Can add CourseTag", "content_type": 11, "codename": "add_coursetags"}}, {"model": "auth.permission", "pk": 42, "fields": {"name": "Can change CourseTag", "content_type": 11, "codename": "change_coursetags"}}, {"model": "auth.permission", "pk": 43, "fields": {"name": "Can delete CourseTag", "content_type": 11, "codename": "delete_coursetags"}}, {"model": "auth.permission", "pk": 44, "fields": {"name": "Can view CourseTag", "content_type": 11, "codename": "view_coursetags"}}, {"model": "auth.permission", "pk": 45, "fields": {"name": "Can add UserTag", "content_type": 12, "codename": "add_usertags"}}, {"model": "auth.permission", "pk": 46, "fields": {"name": "Can change UserTag", "content_type": 12, "codename": "change_usertags"}}, {"model": "auth.permission", "pk": 47, "fields": {"name": "Can delete UserTag", "content_type": 12, "codename": "delete_usertags"}}, {"model": "auth.permission", "pk": 48, "fields": {"name": "Can view UserTag", "content_type": 12, "codename": "view_usertags"}}, {"model": "auth.permission", "pk": 49, "fields": {"name": "Can add course status", "content_type": 13, "codename": "add_coursestatus"}}, {"model": "auth.permission", "pk": 50, "fields": {"name": "Can change course status", "content_type": 13, "codename": "change_coursestatus"}}, {"model": "auth.permission", "pk": 51, "fields": {"name": "Can delete course status", "content_type": 13, "codename": "delete_coursestatus"}}, {"model": "auth.permission", "pk": 52, "fields": {"name": "Can view course status", "content_type": 13, "codename": "view_coursestatus"}}, {"model": "auth.permission", "pk": 53, "fields": {"name": "Can add Token", "content_type": 14, "codename": "add_token"}}, {"model": "auth.permission", "pk": 54, "fields": {"name": "Can change Token", "content_type": 14, "codename": "change_token"}}, {"model": "auth.permission", "pk": 55, "fields": {"name": "Can delete Token", "content_type": 14, "codename": "delete_token"}}, {"model": "auth.permission", "pk": 56, "fields": {"name": "Can view Token", "content_type": 14, "codename": "view_token"}}, {"model": "auth.permission", "pk": 57, "fields": {"name": "Can add Token", "content_type": 15, "codename": "add_tokenproxy"}}, {"model": "auth.permission", "pk": 58, "fields": {"name": "Can change Token", "content_type": 15, "codename": "change_tokenproxy"}}, {"model": "auth.permission", "pk": 59, "fields": {"name": "Can delete Token", "content_type": 15, "codename": "delete_tokenproxy"}}, {"model": "auth.permission", "pk": 60, "fields": {"name": "Can view Token", "content_type": 15, "codename": "view_tokenproxy"}}, {"model": "contenttypes.contenttype", "pk": 1, "fields": {"app_label": "admin", "model": "logentry"}}, {"model": "contenttypes.contenttype", "pk": 2, "fields": {"app_label": "auth", "model": "permission"}}, {"model": "contenttypes.contenttype", "pk": 3, "fields": {"app_label": "auth", "model": "group"}}, {"model": "contenttypes.contenttype", "pk": 4, "fields": {"app_label": "contenttypes", "model": "contenttype"}}, {"model": "contenttypes.contenttype", "pk": 5, "fields": {"app_label": "sessions", "model": "session"}}, {"model": "contenttypes.contenttype", "pk": 6, "fields": {"app_label": "models", "model": "course"}}, {"model": "contenttypes.contenttype", "pk": 7, "fields": {"app_label": "models", "model": "project"}}, {"model": "contenttypes.contenttype", "pk": 8, "fields": {"app_label": "models", "model": "users"}}, {"model": "contenttypes.contenttype", "pk": 9, "fields": {"app_label": "models", "model": "comment"}}, {"model": "contenttypes.contenttype", "pk": 10, "fields": {"app_label": "models", "model": "like"}}, {"model": "contenttypes.contenttype", "pk": 11, "fields": {"app_label": "models", "model": "coursetags"}}, {"model": "contenttypes.contenttype", "pk": 12, "fields": {"app_label": "models", "model": "usertags"}}, {"model": "contenttypes.contenttype", "pk": 13, "fields": {"app_label": "models", "model": "coursestatus"}}, {"model": "contenttypes.contenttype", "pk": 14, "fields": {"app_label": "authtoken", "model": "token"}}, {"model": "contenttypes.contenttype", "pk": 15, "fields": {"app_label": "authtoken", "model": "tokenproxy"}}, {"model": "sessions.session", "pk": "dx8b7ubtdqloz76szefcs3gpuxp0xhd5", "fields": {"session_data": ".eJxVjDsOwyAQBe9CHSHAH5aU6X0GtLvg4CQCydhVlLsHSy6S9s28eQuP-5b8XuPqlyCuQovL70bIz5gPEB6Y70Vyydu6kDwUedIqpxLi63a6f4GENbW3A55Bu86Qm_sh2BE0OFAILWFJ28FpohEZEG1kVgYVxdiEroncG_H5At-5OAk:1ss30E:ksWbBpr5lshLQhnEfBP7OOhDJGWWSskRetbsbAlkt3s", "expire_date": "2024-10-05T16:30:34.666Z"}}, {"model": "sessions.session", "pk": "gdcbz3qrg8l25k465efxbnsifv58b8mq", "fields": {"session_data": ".eJxVjDsOwyAQBe9CHSHAH5aU6X0GtLvg4CQCydhVlLsHSy6S9s28eQuP-5b8XuPqlyCuQovL70bIz5gPEB6Y70Vyydu6kDwUedIqpxLi63a6f4GENbW3A55Bu86Qm_sh2BE0OFAILWFJ28FpohEZEG1kVgYVxdiEroncG_H5At-5OAk:1ssHup:ViHfT71WRDXbtgptdV19t-x2nyqQ9_7bSXf8jIveegI", "expire_date": "2024-10-06T08:25:59.089Z"}}, {"model": "sessions.session", "pk": "qi5nohdv439pig2b2ijshai83ok6tkdp", "fields": {"session_data": ".eJxVjDsOwyAQBe9CHSHAH5aU6X0GtLvg4CQCydhVlLsHSy6S9s28eQuP-5b8XuPqlyCuQovL70bIz5gPEB6Y70Vyydu6kDwUedIqpxLi63a6f4GENbW3A55Bu86Qm_sh2BE0OFAILWFJ28FpohEZEG1kVgYVxdiEroncG_H5At-5OAk:1ssJrE:s6eRKmG1jozTprKgTOR8tjrQqG2X7HOW1gc58WGOE-8", "expire_date": "2024-10-06T10:30:24.930Z"}}, {"model": "sessions.session", "pk": "ydwofud5s562go76sthb57rw7q8l4qu3", "fields": {"session_data": ".eJxVjDsOwyAQBe9CHSHAH5aU6X0GtLvg4CQCydhVlLsHSy6S9s28eQuP-5b8XuPqlyCuQovL70bIz5gPEB6Y70Vyydu6kDwUedIqpxLi63a6f4GENbW3A55Bu86Qm_sh2BE0OFAILWFJ28FpohEZEG1kVgYVxdiEroncG_H5At-5OAk:1ssIQJ:uagyPTlkl8yx5dK4PlTabaqDEU2BJ40GinpDMSHNq2E", "expire_date": "2024-10-06T08:58:31.837Z"}}, {"model": "models.users", "pk": 1, "fields": {"password": "pbkdf2_sha256$870000$Co3ME23gZTVlsQPkBEHQrD$Sus3dJofp7kM4gwkBpafVJ9PNUsHNBHdgzkpeJLaPjM=", "last_login": "2024-09-22T10:30:24.907Z", "is_superuser": true, "username": "m", "first_name": "", "last_name": "", "email": "", "is_staff": true, "is_active": true, "date_joined": "2024-09-21T16:30:19.580Z", "avatar": "", "description": null, "groups": [], "user_permissions": []}}, {"model": "models.users", "pk": 2, "fields": {"password": "0", "last_login": "2024-09-18T18:00:00Z", "is_superuser": false, "username": "user1", "first_name": "Николас", "last_name": "Кейдж", "email": "", "is_staff": false, "is_active": true, "date_joined": "2024-09-22T09:06:26Z", "avatar": "users/56832e498b7be77462a2149447a66684_negate.jpg", "description": "Самый страшный человек.", "groups": [], "user_permissions": []}}, {"model": "models.users", "pk": 3, "fields": {"password": "0", "last_login": null, "is_superuser": false, "username": "user137", "first_name": "Стас", "last_name": "Стотридцатьседьмов", "email": "", "is_staff": false, "is_active": true, "date_joined": "2024-09-22T09:10:56Z", "avatar": "users/IMG_20220707_152047_102.jpg", "description": "Самый лучший программист. Умею кодить на любом языке программирование. Даже на двоичном коде", "groups": [], "user_permissions": []}}, {"model": "models.users", "pk": 4, "fields": {"password": "0", "last_login": null, "is_superuser": false, "username": "user2", "first_name": "Артур", "last_name": "Пирожков", "email": "", "is_staff": false, "is_active": true, "date_joined": "2024-09-22T09:12:35Z", "avatar": "users/-EfoJg8_6nk.jpg", "description": "Я не знаю, что писать в описании", "groups": [], "user_permissions": []}}, {"model": "models.users", "pk": 5, "fields": {"password": "0", "last_login": null, "is_superuser": false, "username": "user3", "first_name": "Ян", "last_name": "Мяван", "email": "", "is_staff": false, "is_active": true, "date_joined": "2024-09-22T09:14:00Z", "avatar": "users/QRjSYvgxhV0.jpg", "description": "Изучаю кулинарию и джаз", "groups": [], "user_permissions": []}}, {"model": "models.users", "pk": 6, "fields": {"password": "pbkdf2_sha256$870000$4Qxi0DCWUZSfmjQxgWZlnj$vTBN8FGShQAIynvCkol8OCEHalyE4MKGNiiLU8k/u1c=", "last_login": null, "is_superuser": false, "username": "1", "first_name": "", "last_name": "", "email": "", "is_staff": false, "is_active": true, "date_joined": "2024-09-22T11:20:05.699Z", "avatar": "", "description": null, "groups": [], "user_permissions": []}}, {"model": "models.course", "pk": 2, "fields": {"name": "Курс по разработке на C++", "description": "Супер-пупер курс по разработке на C++. Подойдет как и для профессиональных разработчиков, так и для чайников, чашек и бабушкиного сервиза", "avatar": "courses/6148356_3148315.jpg"}}, {"model": "models.course", "pk": 3, "fields": {"name": "Диффуры для всех! Открытый урок", "description": "Проблемы с математикой? Не волнуйтесь, наши эксперты объяснят одну из самых сложных тем в высшей математике. Вы в своем познании настолько преисполнитесь, что этот мир станет вам абсолютно понятен.", "avatar": "courses/7b100370e99135b750e1955-01.jpg"}}, {"model": "models.course", "pk": 4, "fields": {"name": "В гостях у чебурека", "description": "Традиционный пятничный променад с чебуреками по дворам Самары. Сбор в 13:00. Готовим чебурек и отправляемся в путь", "avatar": "courses/share_4519594.png"}}, {"model": "models.course", "pk": 5, "fields": {"name": "IT-шник без кодинга: курсы в Figma", "description": "Не обязательно уметь кодить, чтобы стать истинным программистом. Пройдя 5-ти дневный курс от МГТУ им Баумана по Figma", "avatar": "courses/Баннер_1.png"}}, {"model": "models.course", "pk": 6, "fields": {"name": "МК по созданию сайта и тг-бота", "description": "Создадим свой сайт для стартапа. Пройдете все этапы от создания прототипа в Figma до кодинга на C++/Python", "avatar": "courses/Сайт.png"}}, {"model": "models.like", "pk": 1, "fields": {"user_id": 3, "content_type": 7, "object_id": 0}}, {"model": "models.like", "pk": 2, "fields": {"user_id": 4, "content_type": 7, "object_id": 2}}, {"model": "models.comment", "pk": 1, "fields": {"user_id": 1, "content": "rdttfytf"}}, {"model": "models.comment", "pk": 2, "fields": {"user_id": 3, "content": "Грязный код!"}}, {"model": "models.project", "pk": 2, "fields": {"name": ";%*;%№?:№*:(::?*:?", "description": "*---*--*--*", "avatar": "projects/48bc8baa9268c07b84f601748c4eeb07.jpg"}}, {"model": "models.project", "pk": 3, "fields": {"name": "Программа-переводчик с кошачьего", "description": "оставьте обратную связь пж", "avatar": "projects/-EfoJg8_6nk.jpg"}}, {"model": "models.project", "pk": 4, "fields": {"name": "Сапер на питоне", "description": "Написал за 5 минут. Получил отл от препода. Посоветуйте куда перевестись: в МГУ или бауманку", "avatar": "projects/SMVEvzzxQSY_1.jpg"}}, {"model": "models.project", "pk": 5, "fields": {"name": "Рецепт чая", "description": "Переходите по ссылке. Точно не рикрол", "avatar": "projects/4PYSDzCZL_M.jpg"}}, {"model": "models.usertags", "pk": 1, "fields": {"tag_name": "лол", "level": 1, "user_id": [1]}}, {"model": "models.usertags", "pk": 2, "fields": {"tag_name": "C++", "level": 5, "user_id": [2]}}, {"model": "models.usertags", "pk": 3, "fields": {"tag_name": "C#", "level": 1, "user_id": [2]}}, {"model": "models.usertags", "pk": 4, "fields": {"tag_name": "Python", "level": 1, "user_id": [3]}}, {"model": "models.usertags", "pk": 5, "fields": {"tag_name": "Разработка сайтов", "level": 5, "user_id": [3]}}, {"model": "models.usertags", "pk": 6, "fields": {"tag_name": "кулинария", "level": 3, "user_id": [4]}}, {"model": "models.usertags", "pk": 7, "fields": {"tag_name": "пешие прогулки", "level": 2, "user_id": [4]}}, {"model": "models.usertags", "pk": 8, "fields": {"tag_name": "Разработка баз данных", "level": 2, "user_id": [5]}}, {"model": "models.usertags", "pk": 9, "fields": {"tag_name": "C#", "level": 5, "user_id": [5]}}, {"model": "models.coursetags", "pk": 2, "fields": {"tag_name": "Диффуры", "level": 3, "course_id": [3], "project_id": []}}, {"model": "models.coursetags", "pk": 3, "fields": {"tag_name": "математика", "level": 4, "course_id": [3], "project_id": []}}, {"model": "models.coursetags", "pk": 4, "fields": {"tag_name": "C#", "level": 1, "course_id": [3], "project_id": []}}, {"model": "models.coursetags", "pk": 5, "fields": {"tag_name": "кулинария", "level": 1, "course_id": [4], "project_id": []}}, {"model": "models.coursetags", "pk": 6, "fields": {"tag_name": "пешие прогулки", "level": 1, "course_id": [4], "project_id": []}}, {"model": "models.coursetags", "pk": 7, "fields": {"tag_name": "C++", "level": 2, "course_id": [3, 5], "project_id": []}}, {"model": "models.coursetags", "pk": 8, "fields": {"tag_name": "Python", "level": 1, "course_id": [5, 6], "project_id": []}}, {"model": "models.coursetags", "pk": 9, "fields": {"tag_name": "Figma", "level": 1, "course_id": [2, 5, 6], "project_id": []}}, {"model": "models.coursetags", "pk": 10, "fields": {"tag_name": "html", "level": 2, "course_id": [2, 6], "project_id": []}}, {"model": "models.coursetags", "pk": 11, "fields": {"tag_name": "Разработка сайтов", "level": 5, "course_id": [2], "project_id": []}}, {"model": "models.coursetags", "pk": 12, "fields": {"tag_name": "Разработка баз данных", "level": 5, "course_id": [6], "project_id": []}}, {"model": "models.coursestatus", "pk": 3, "fields": {"user": 2, "course": 5, "status": "completed"}}, {"model": "models.coursestatus", "pk": 4, "fields": {"user": 5, "course": 5, "status": "liked"}}, {"model": "models.coursestatus", "pk": 5, "fields": {"user": 2, "course": 3, "status": "completed"}}, {"model": "models.coursestatus", "pk": 6, "fields": {"user": 3, "course": 2, "status": "completed"}}, {"model": "models.coursestatus", "pk": 7, "fields": {"user": 3, "course": 3, "status": "completed"}}, {"model": "models.coursestatus", "pk": 8, "fields": {"user": 3, "course": 4, "status": "completed"}}, {"model": "models.coursestatus", "pk": 9, "fields": {"user": 3, "course": 5, "status": "completed"}}, {"model": "models.coursestatus", "pk": 10, "fields": {"user": 3, "course": 6, "status": "completed"}}, {"model": "models.coursestatus", "pk": 11, "fields": {"user": 4, "course": 2, "status": "uncompleted"}}, {"model": "models.coursestatus", "pk": 12, "fields": {"user": 2, "course": 2, "status": "uncompleted"}}, {"model": "models.coursestatus", "pk": 13, "fields": {"user": 2, "course": 3, "status": "completed"}}, {"model": "models.coursestatus", "pk": 14, "fields": {"user": 2, "course": 4, "status": "uncompleted"}}, {"model": "models.coursestatus", "pk": 15, "fields": {"user": 2, "course": 5, "status": "uncompleted"}}, {"model": "models.coursestatus", "pk": 16, "fields": {"user": 2, "course": 6, "status": "completed"}}, {"model": "models.coursestatus", "pk": 17, "fields": {"user": 4, "course": 2, "status": "completed"}}, {"model": "models.coursestatus", "pk": 18, "fields": {"user": 4, "course": 3, "status": "uncompleted"}}, {"model": "models.coursestatus", "pk": 19, "fields": {"user": 4, "course": 4, "status": "completed"}}, {"model": "models.coursestatus", "pk": 20, "fields": {"user": 4, "course": 5, "status": "uncompleted"}}, {"model": "models.coursestatus", "pk": 21, "fields": {"user": 4, "course": 6, "status": "completed"}}, {"model": "models.coursestatus", "pk": 22, "fields": {"user": 5, "course": 2, "status": "completed"}}]